{"frameRate":24,"isGlobal":0,"name":"bird","version":"5.5","armature":[{"aabb":{"width":306,"y":-129,"height":210.4144912383382,"x":-151.1518650461021},"skin":[{"name":"","slot":[{"display":[{"uvs":[0,0,1,0,0,1,1,1],"vertices":[-62.5,-43.5,62.5,-43.5,-62.5,43.5,62.5,43.5],"slotPose":[0.9473702706548974,0.3201399229700452,-0.3201399229700452,0.9473702706548974,-69.50000000000001,-68.5],"path":"bird/Calque_2","weights":[1,1,1,1,1,1,1,1,1,1,1,1],"userEdges":[],"edges":[0,1,1,3,3,2,2,0],"bonePose":[1,-0.7071067811865475,-0.7071067811865476,0.7071067811865476,-0.7071067811865475,-37,-42],"type":"mesh","transform":{"skY":153.6714,"y":-4.2426,"skX":153.6714,"x":41.7193},"width":125,"height":87,"name":"bird/Calque_2","triangles":[0,1,2,1,3,2]}],"name":"Calque_2"},{"display":[{"userEdges":[],"width":179,"type":"mesh","vertices":[-89.5,-40.5,89.5,-40.5,-89.5,40.5,89.5,40.5],"transform":{"y":-1.5,"x":-12.5},"height":81,"path":"bird/Calque_1","edges":[0,1,1,3,3,2,2,0],"uvs":[0,0,1,0,0,1,1,1],"name":"bird/Calque_1","triangles":[0,1,2,1,3,2]}],"name":"Calque_1"},{"display":[{"uvs":[0,0,1,0,0,1,1,1],"vertices":[-76,-56.5,76,-56.5,-76,56.5,76,56.5],"slotPose":[0.9802237490847296,-0.19789239937470193,0.19789239937470193,0.9802237490847296,36.49999999999999,-72.5],"path":"bird/Calque_3","weights":[1,2,1,1,2,1,1,2,1,1,2,1],"userEdges":[],"edges":[0,1,1,3,3,2,2,0],"bonePose":[2,0.637567714034226,-0.7703943211246896,0.7703943211246896,0.637567714034226,-10,-18],"type":"mesh","transform":{"skY":38.9756,"y":1.0759,"skX":38.9756,"x":71.6334},"width":152,"height":113,"name":"bird/Calque_3","triangles":[0,1,2,1,3,2]}],"name":"Calque_3"},{"display":[{"uvs":[0,0,1,0,0,1,1,1],"vertices":[-153,-86.5,153,-86.5,-153,86.5,153,86.5],"slotPose":[0.9999999999999998,5.721188726109796e-18,-5.721188726109796e-18,0.9999999999999998,1.8481349538978868,-5.0855087616618],"path":"oiseau","weights":[3,3,0.11243247046054441,4,0.8126117471180497,5,0.07495578242140587,3,3,0.8908083812100851,5,0.06289132191066722,4,0.04630029687924768,3,3,0.32088217764025695,4,0.3698964789814552,5,0.3092213433782879,3,3,0.3991645373001195,5,0.40118151753547954,4,0.19965394516440096],"userEdges":[],"edges":[0,1,1,3,3,2,2,0],"bonePose":[3,0.9336945395137496,-0.35807053339001116,0.35807053339001116,0.9336945395137496,-23.1,-8.55,4,-0.7360421368270367,-0.6769357228091081,0.6769357228091081,-0.7360421368270367,-33.650000000000006,-8.549999999999999,5,-1.6653345369377348e-16,1,-1,-1.6653345369377348e-16,7.899999999999999,6.600000000000001],"type":"mesh","transform":{"skY":-90,"y":6.0519,"skX":-90,"x":-11.6855},"width":306,"height":173,"name":"oiseau","triangles":[0,1,2,1,3,2]}],"name":"oiseau"}]}],"animation":[{"frame":[],"duration":18,"bone":[{"translateFrame":[{"tweenEasing":0,"duration":9},{"tweenEasing":0,"y":-28.8583,"duration":9,"x":1.2547},{"duration":0}],"scaleFrame":[],"name":"root","rotateFrame":[{"tweenEasing":0,"duration":18},{"duration":0}]},{"translateFrame":[{"tweenEasing":0,"duration":9},{"tweenEasing":0,"y":27.6036,"duration":9,"x":-1.8821},{"duration":0}],"scaleFrame":[],"name":"Calque_2","rotateFrame":[{"tweenEasing":0,"duration":9},{"tweenEasing":0,"duration":9,"rotate":-78.2447},{"duration":0}]},{"translateFrame":[{"tweenEasing":0,"duration":18},{"duration":0}],"scaleFrame":[],"name":"Calque_3","rotateFrame":[{"tweenEasing":0,"duration":9},{"tweenEasing":0,"duration":9,"rotate":78.1149},{"duration":0}]},{"translateFrame":[],"scaleFrame":[],"name":"oiseau","rotateFrame":[]},{"translateFrame":[],"scaleFrame":[],"name":"oiseau1","rotateFrame":[]},{"translateFrame":[],"scaleFrame":[],"name":"oiseau2","rotateFrame":[]}],"slot":[{"colorFrame":[],"displayFrame":[],"name":"Calque_2"},{"colorFrame":[],"displayFrame":[],"name":"Calque_1"},{"colorFrame":[],"displayFrame":[],"name":"Calque_3"},{"colorFrame":[],"displayFrame":[{"value":-1,"duration":18}],"name":"oiseau"}],"ffd":[],"name":"Flying","ik":[],"playTimes":0},{"frame":[],"duration":12,"bone":[{"translateFrame":[],"scaleFrame":[],"name":"root","rotateFrame":[]},{"translateFrame":[],"scaleFrame":[],"name":"Calque_2","rotateFrame":[]},{"translateFrame":[],"scaleFrame":[],"name":"Calque_3","rotateFrame":[]},{"translateFrame":[{"tweenEasing":0,"duration":12},{"duration":0}],"scaleFrame":[{"tweenEasing":0,"duration":12},{"duration":0}],"name":"oiseau","rotateFrame":[{"tweenEasing":0,"duration":7},{"tweenEasing":0,"duration":5,"rotate":25.4999},{"duration":0}]},{"translateFrame":[{"tweenEasing":0,"duration":12},{"duration":0}],"scaleFrame":[{"tweenEasing":0,"duration":7},{"tweenEasing":0,"y":1.3095,"duration":5,"x":1.3095},{"duration":0}],"name":"oiseau1","rotateFrame":[{"tweenEasing":0,"duration":4},{"tweenEasing":0,"duration":3,"rotate":49.6975},{"tweenEasing":0,"duration":5,"rotate":18.2819},{"duration":0}]},{"translateFrame":[{"tweenEasing":0,"duration":9},{"duration":3}],"scaleFrame":[{"tweenEasing":0,"duration":9},{"duration":3}],"name":"oiseau2","rotateFrame":[{"tweenEasing":0,"duration":4},{"tweenEasing":0,"duration":5,"rotate":-25.2191},{"duration":3}]}],"slot":[{"colorFrame":[],"displayFrame":[{"value":-1,"duration":12}],"name":"Calque_2"},{"colorFrame":[],"displayFrame":[{"value":-1,"duration":12}],"name":"Calque_1"},{"colorFrame":[],"displayFrame":[{"value":-1,"duration":12}],"name":"Calque_3"},{"colorFrame":[],"displayFrame":[{"duration":9},{"duration":3}],"name":"oiseau"}],"ffd":[],"name":"Hurt","ik":[],"playTimes":0}],"type":"Armature","ik":[],"bone":[{"name":"root","transform":{}},{"length":79,"transform":{"skY":-135,"y":-42,"skX":-135,"x":-37},"parent":"root","name":"Calque_2"},{"length":112,"transform":{"skY":-50.3893,"y":-18,"skX":-50.3893,"x":-10},"parent":"root","name":"Calque_3"},{"length":151,"transform":{"skY":-20.9817,"y":-8.55,"skX":-20.9817,"x":-23.1},"parent":"root","name":"oiseau"},{"length":89,"transform":{"skY":-116.4136,"y":-3.7776,"skX":-116.4136,"x":-9.8505},"parent":"oiseau","name":"oiseau1"},{"length":64,"transform":{"skY":-132.6047,"y":16.9756,"skX":-132.6047,"x":-40.8381},"parent":"oiseau1","name":"oiseau2"}],"defaultActions":[{"gotoAndPlay":"Flying"}],"slot":[{"name":"Calque_2","parent":"Calque_2","color":{}},{"z":1,"name":"Calque_1","parent":"root","color":{}},{"z":2,"name":"Calque_3","parent":"Calque_3","color":{}},{"z":3,"name":"oiseau","parent":"oiseau2","color":{}}],"frameRate":24,"name":"Armature"}]}